{
  "project_info": {
    "project_number": "214015794919",
    "firebase_url": "https://smartsy-c9893-default-rtdb.europe-west1.firebasedatabase.app",
    "project_id": "smartsy-c9893",
    "storage_bucket": "smartsy-c9893.firebasestorage.app"
  },
  "client": [
    {
      "client_info": {
        "mobilesdk_app_id": "1:214015794919:android:07255fef3f00276a1e8c42",
        "android_client_info": {
          "package_name": "com.example.smartsy"
        }
      },
      "oauth_client": [],
      "api_key": [
        {
          "current_key": "AIzaSyCk4JkdwKZddPOgKLi07d5Zfm8yjlynZ9M"
        }
      ],
      "services": {
        "appinvite_service": {
          "other_platform_oauth_client": []
        }
      }
    }
  ],
  "configuration_version": "1"
}